Image Name,Image Size,Last Modification Date
001.jpg,0.03 MB,Tue Aug 22 06:38:24 2023
002.jpg,0.02 MB,Tue Aug 22 06:38:24 2023
003.jpg,0.03 MB,Tue Aug 22 06:38:24 2023
004.jpg,0.02 MB,Tue Aug 22 06:38:24 2023
005.jpg,0.03 MB,Tue Aug 22 06:38:24 2023
001.jpg,0.02 MB,Tue Aug 22 06:38:24 2023
002.jpg,0.02 MB,Tue Aug 22 06:38:24 2023
003.jpg,0.03 MB,Tue Aug 22 06:38:24 2023
004.jpg,0.02 MB,Tue Aug 22 06:38:24 2023
001.jpg,0.03 MB,Tue Aug 22 06:38:24 2023
002.jpg,0.02 MB,Tue Aug 22 06:38:24 2023
003.jpg,0.02 MB,Tue Aug 22 06:38:24 2023
004.jpg,0.02 MB,Tue Aug 22 06:38:24 2023
005.jpg,0.02 MB,Tue Aug 22 06:38:24 2023
001.jpg,0.03 MB,Tue Aug 22 06:38:24 2023
002.jpg,0.03 MB,Tue Aug 22 06:38:24 2023
003.jpg,0.02 MB,Tue Aug 22 06:38:24 2023
004.jpg,0.03 MB,Tue Aug 22 06:38:24 2023
005.jpg,0.03 MB,Tue Aug 22 06:38:24 2023
006.jpg,0.02 MB,Tue Aug 22 06:38:24 2023
001.jpg,0.02 MB,Tue Aug 22 06:38:24 2023
002.jpg,0.02 MB,Tue Aug 22 06:38:24 2023
003.jpg,0.03 MB,Tue Aug 22 06:38:24 2023
004.jpg,0.03 MB,Tue Aug 22 06:38:24 2023
005.jpg,0.02 MB,Tue Aug 22 06:38:24 2023
006.jpg,0.03 MB,Tue Aug 22 06:38:24 2023
001.jpg,0.02 MB,Tue Aug 22 06:38:24 2023
002.jpg,0.02 MB,Tue Aug 22 06:38:24 2023
003.jpg,0.03 MB,Tue Aug 22 06:38:24 2023
004.jpg,0.02 MB,Tue Aug 22 06:38:24 2023
005.jpg,0.02 MB,Tue Aug 22 06:38:24 2023
001.jpg,0.02 MB,Tue Aug 22 06:38:24 2023
002.jpg,0.02 MB,Tue Aug 22 06:38:24 2023
003.jpg,0.02 MB,Tue Aug 22 06:38:24 2023
004.jpg,0.02 MB,Tue Aug 22 06:38:24 2023
005.jpg,0.02 MB,Tue Aug 22 06:38:24 2023
